{
  "n": 357,
  "branch": 0.3040699263766836,
  "plain_rand": 0.09532394320476133,
  "morph_rand": 0.11717868982909323,
  "ratio_plain": 3.1898588765209164,
  "ratio_morph": 2.5949251252098304,
  "p_plain": 3.7447147246655515e-51,
  "p_morph": 1.7409094319940806e-49
}